name,energy
apple_candy,45360
apple_tart,30800
berry_chocolate_coconut_pudding,126360
bread,26740
caramel_nut_chips,45570
cherry_blossom_rice_ball,45650
cocoa_powder,12060
coconut_milk,24110
coconut_oil,10980
cranberry,1450
cranberry_chocolate,90420
creamy_potato_soup,23470
dried_bean_curd,15400
dried_cranberries,12060
dried_ginseng,13020
dried_grapes,12500
dried_lemon_slices,6560
dried_strawberries,9060
flower_bread,28080
ginseng,3620
ginseng_chestnut_cake,29700
ginseng_powder,12730
grape_candy,45570
grape,1210
jello,42690
lavender_cookies,30240
maple_candy_roasted_potatoes,39600
maple_candy_star,28460
milled_rice,7870
moondew_radish,1350
moondew_radish_slices,45280
potato,220
potato_chips,6370
premium_berry_chocolate_coconut_pudding,37910
premium_bread,8910
premium_jello,12810
premium_potato_soup,7040
refined_flour,12200
rice,360
rice_drink,23760
rich_grape_compote,42690
roasted_soybeans,26230
roasted_waxing_moon_pepper,26040
rose_shortbread,46200
shredded_coconut,10000
soy_sauce_fried_rice,45650
soy_sauce_tofu,45280
soybean,680
steamed_vermicelli_roll,33940
strawberry,950
strawberry_candy,65050
strawberry_cream_puff,42200
sugar_roasted_chestnuts,45280
sugarcane,1800
tanghulu,45280
tofu,13110
umbral_hot_pot,38810
walnut_cake,50910
waxing_moon_pepper,1350
wheat,140
wheatmeal,9370
